uid	title	imgURL
Implant100	3M Latitude Total Elbow Prosthesis	http://orthopaediclist.com/images/uploaded/Latitude AP Xray-opt.jpg
Implant4204	AACORD Cerclage Cables plus Distal Femur Plate	http://orthopaediclist.com/images/uploaded/AP SC Femur14069-opt.jpg
Implant150	Acclaim Total Elbow Prosthesis	http://orthopaediclist.com/images/uploaded/acclaim21518-opt.jpg
Implant4205	ACCORD Cerclage Cables plus Distal Femur Plate	http://orthopaediclist.com/images/uploaded/Lat SC Femur7929-opt.jpg
Implant267	AO Distal Condylar Plate	http://orthopaediclist.com/images/uploaded/2003-10-31 AP  Post-Op Healing49107-opt.jpg
Implant268	AO Distal Condylar Plate	http://orthopaediclist.com/images/uploaded/LCP Distal Femur90125-opt.jpg
Implant271	AO Femoral Rod	http://orthopaediclist.com/images/uploaded/Lat Synthes SS Nail good Starting Point95017-opt.jpg
Implant192	Arthrex Hemiarthroplasty Shoulder Prosthesis	http://orthopaediclist.com/images/uploaded/DSC0425478434-opt.jpg
Implant641	Arthrosurface HemiCap	http://orthopaediclist.com/images/uploaded/2ndmet19022-opt.jpg
Implant65	Ascension MCP Prosthesis	http://orthopaediclist.com/images/uploaded/MCP-Four Joint  Xray-opt.jpg
Implant242	Avanta Radial Head	http://orthopaediclist.com/images/uploaded/Post-Op AP56538-opt.jpg
Implant3346	Biomet AGC	http://orthopaediclist.com/images/uploaded/Total Knee48872-opt.jpg
Implant285	Biomet Holland Nail	http://orthopaediclist.com/images/uploaded/Holland Nail62397-opt.jpg
Implant4210	Biomet OSS Total Femur	http://orthopaediclist.com/images/uploaded/IMG_012749000-opt.jpg
Implant4211	Biomet OSS Total Femur	http://orthopaediclist.com/images/uploaded/IMG_0128(1)97288-opt.jpg
Implant635	Biomet Precontoured Distal Tibial Plate	http://orthopaediclist.com/images/uploaded/Fig 12.82688-opt.jpg
Implant819	Birmingham	http://orthopaediclist.com/images/uploaded/BHR APX-RAY1PtStarr20567-opt.jpg
Implant430	Bosworth Screw	http://orthopaediclist.com/images/uploaded/Bosworth13919-opt.jpg
Implant47	BP Cages and Sextant Screws	http://orthopaediclist.com/images/uploaded/IMG_1112-opt.jpg
Implant333	Braun-Cutter Thumb TJA	http://orthopaediclist.com/images/uploaded/DSC0435882403-opt.jpg
Implant3760	Cable Pins	http://orthopaediclist.com/images/uploaded/elbow fx 230237-opt.jpg
Implant252	Cannulated Screw	http://orthopaediclist.com/images/uploaded/3-13-2002 AP 4 wks22925-opt.jpg
Implant253	Cannulated Screw	http://orthopaediclist.com/images/uploaded/3-13-2002 Lat 4 wks71453-opt.jpg
Implant30	Centerpulse Druck Scheibe	http://orthopaediclist.com/images/uploaded/THRUST PLATE-opt.jpg
Implant3992	Charnley	http://orthopaediclist.com/images/uploaded/Morscher Isoelastic Prosthesis from Sarmiento 2008041423308-opt.jpg
Implant272	Condylar Plate	http://orthopaediclist.com/images/uploaded/CP on SWBNZ88953-opt.jpg
Implant149	Coonrad-Morey Total Elbow Prosthesis	http://orthopaediclist.com/images/uploaded/CM Lat16928-opt.jpg
Implant148	Coonrad-Morrey Total Elbow Prosthesis	http://orthopaediclist.com/images/uploaded/CM ap58877-opt.jpg
Implant196	Coonrad-Morrey Total Elbow Prosthesis	http://orthopaediclist.com/images/uploaded/Taylor TSA 96 2004081371601-opt.jpg
Implant4208	DePuy ALPS	http://orthopaediclist.com/images/uploaded/ap alps plate18874-opt.jpg
Implant4209	DePuy ALPS	http://orthopaediclist.com/images/uploaded/lateral alps plate53817-opt.jpg
Implant4213	DePuy ASR Cup & Summit Stem	http://orthopaediclist.com/images/uploaded/IMG_020243089-opt.jpg
Implant50	DePuy Brantigan	http://orthopaediclist.com/images/uploaded/Image5-opt.jpg
Implant4269	DePuy Corail with Pinnacle Cup	http://orthopaediclist.com/images/uploaded/Slide3(2)56857-opt.jpg
Implant4255	DePuy LPS	http://orthopaediclist.com/images/uploaded/LPS Dist. Femur63623-opt.jpg
Implant169	DePuy Orthogenesis	http://orthopaediclist.com/images/uploaded/dac64770-opt.jpg
Implant102	DePuy Pritchard Total Elbow Prosthesis	http://orthopaediclist.com/images/uploaded/Pritchard TEA-opt.jpg
Implant104	DePuy Pritchard Total Elbow Prosthesis	http://orthopaediclist.com/images/uploaded/pritchard erss lat-opt.jpg
Implant4270	DePuy Solution	http://orthopaediclist.com/images/uploaded/Slide460731-opt.jpg
Implant168	DePuy Stability Stem, Duraloc Cup	http://orthopaediclist.com/images/uploaded/unknown implant123990-opt.jpg
Implant265	DePuy Synthes Recon Plate	http://orthopaediclist.com/images/uploaded/2002-11-05 AP 12 wks34109-opt.jpg
Implant288	Dynamic Condylar Screw	http://orthopaediclist.com/images/uploaded/Sylvia Cruz Distal Femur DCS67887-opt.jpg
Implant636	EBI Biomet	http://orthopaediclist.com/images/uploaded/kil3moAP_1_100168748-opt.jpg
Implant385	Edwards Modular	http://orthopaediclist.com/images/uploaded/Image1050650-opt.jpg
Implant360	Elbow, Hemireplacement:  Stevens-Street	http://orthopaediclist.com/images/uploaded/TEAH Stevens-Street25691-opt.jpg
Implant337	Elbow, Total:  Coonrad	http://orthopaediclist.com/images/uploaded/TEA, Coonrad34144-opt.jpg
Implant336	Elbow, Total:  Dee	http://orthopaediclist.com/images/uploaded/TEA, Dee26520-opt.jpg
Implant345	Elbow, Total:  Ewald	http://orthopaediclist.com/images/uploaded/TEA Ewald79815-opt.jpg
Implant338	Elbow, Total:  Gschwend-Scheier-Bahler	http://orthopaediclist.com/images/uploaded/TEA, GSB67057-opt.jpg
Implant357	Elbow, Total:  Howmedica Custom	http://orthopaediclist.com/images/uploaded/TEA, Howmedica Custom20067-opt.jpg
Implant346	Elbow, Total:  HSS	http://orthopaediclist.com/images/uploaded/TEA HSSS58882-opt.jpg
Implant347	Elbow, Total:  London	http://orthopaediclist.com/images/uploaded/TEA London12238-opt.jpg
Implant348	Elbow, Total:  Mayo	http://orthopaediclist.com/images/uploaded/TEA Mayo Clinic771-opt.jpg
Implant358	Elbow, Total:  Mazas	http://orthopaediclist.com/images/uploaded/TEA, Mazas55181-opt.jpg
Implant342	Elbow, Total:  McKee	http://orthopaediclist.com/images/uploaded/TEA, McKee88538-opt.jpg
Implant349	Elbow, Total:  Pritchard-Walker	http://orthopaediclist.com/images/uploaded/TEA Pritchard-Walker83146-opt.jpg
Implant350	Elbow, Total:  Pritchard-Walker II	http://orthopaediclist.com/images/uploaded/TEA Pritchard-Walker II7361-opt.jpg
Implant359	Elbow, Total:  Schlein	http://orthopaediclist.com/images/uploaded/TEA, Schlein38510-opt.jpg
Implant340	Elbow, Total:  Shiers	http://orthopaediclist.com/images/uploaded/TEA, Shiers56453-opt.jpg
Implant364	Elbow, Total:  St. Georg-Bucholz	http://orthopaediclist.com/images/uploaded/PIP St. Georg-Bucholz56803-opt.jpg
Implant351	Elbow, Total:  St. Georg-Bucholz	http://orthopaediclist.com/images/uploaded/TEA St Georg95205-opt.jpg
Implant341	Elbow, Total:  Stanmore	http://orthopaediclist.com/images/uploaded/TEA, Stanmore51236-opt.jpg
Implant352	Elbow, Total:  Swanson	http://orthopaediclist.com/images/uploaded/TEA Swanson Silastic4083-opt.jpg
Implant353	Elbow, Total:  Swanson	http://orthopaediclist.com/images/uploaded/TEA Swanson Sketch Metal45936-opt.jpg
Implant354	Elbow, Total:  Triazial	http://orthopaediclist.com/images/uploaded/TEA Triazial97127-opt.jpg
Implant355	Elbow, Total:  Volz	http://orthopaediclist.com/images/uploaded/TEA Volz14185-opt.jpg
Implant356	Elbow, Total:  Wadsworth	http://orthopaediclist.com/images/uploaded/TEA Wadsworth69489-opt.jpg
Implant4277	Encore Foundation	http://orthopaediclist.com/images/uploaded/encore medical foundation146049-opt.jpg
Implant4278	Encore Foundation	http://orthopaediclist.com/images/uploaded/encore medical foundation251448-opt.jpg
ImplantID 406	Encore Reverse TSA (Implant ID 406)	http://orthopaediclist.com/images/uploaded/Jones Encore Reverse AP 2005102449755-opt.jpg
Implant4254	Endlock Tumor Prosthesis	http://orthopaediclist.com/images/uploaded/Endlock Tumor Prosthesis(1)7311-opt.jpg
Implant90	Ewald Resurfacing Total Elbow Prosthesis	http://orthopaediclist.com/images/uploaded/ewald x-ray-opt.jpg
Implant273	Grosse-Kempf Nail	http://orthopaediclist.com/images/uploaded/G-K Femoral Rod9894-opt.jpg
Implant311	Hand, CMC Joint:  Daumen-Sattelgelenk	http://orthopaediclist.com/images/uploaded/CMC Joint, Daumen-Sattelgelenk, Robt. Mathys44340-opt.jpg
Implant312	Hand, CMC Joint:  de la Caffiniere	http://orthopaediclist.com/images/uploaded/CMC Joint, de la Caffiniere, B.G. Orthopedic Corp., 1970's27489-opt.jpg
Implant314	Hand, CMC Joint:  Mayo	http://orthopaediclist.com/images/uploaded/CMC Joint, Mayo, DePuy, Developmental, 1970's75958-opt.jpg
Implant313	Hand, CMC Joint:  Mayo STT	http://orthopaediclist.com/images/uploaded/CMC Joint, Mayo STT, DePuy, Developmental87464-opt.jpg
Implant315	Hand, CMC Joint:  St. Georg-Bucholz	http://orthopaediclist.com/images/uploaded/CMC Joint, St. Georg-Bucholz, Richards, 1970's18826-opt.jpg
Implant316	Hand, CMC Joint:  Steffee	http://orthopaediclist.com/images/uploaded/CMC Joint, Steffee, DePuy, Developmental95718-opt.jpg
Implant317	Hand, MCP Joint:  Cutter-Niebauer	http://orthopaediclist.com/images/uploaded/MCP, Cutter-Niebauer005052081-opt.jpg
Implant318	Hand, MCP Joint:  Flatt	http://orthopaediclist.com/images/uploaded/MCP, Flatt, Stainless and Silastic53340-opt.jpg
Implant326	Hand, MCP Joint:  Garcia-Moral MCP	http://orthopaediclist.com/images/uploaded/MCP, Garcia-Moral92229-opt.jpg
Implant328	Hand, MCP Joint:  Georg-Bucholz	http://orthopaediclist.com/images/uploaded/MCP, St. Georg-Bucholz44362-opt.jpg
Implant331	Hand, MCP Joint:  Nicolle MCP	http://orthopaediclist.com/images/uploaded/MCP, Nicole88091-opt.jpg
Implant327	Hand, MCP Joint:  Pyrolite Carbon	http://orthopaediclist.com/images/uploaded/MCP, Pyrolite Carbon42419-opt.jpg
Implant319	Hand, MCP Joint:  Schultz	http://orthopaediclist.com/images/uploaded/MCP, Schultz68466-opt.jpg
Implant320	Hand, MCP Joint:  Steffee Mark I and Mark II	http://orthopaediclist.com/images/uploaded/MCP, Steffee, Mark I and II15019-opt.jpg
Implant329	Hand, MCP Joint:  Strickland	http://orthopaediclist.com/images/uploaded/MCP, Strickland42482-opt.jpg
Implant321	Hand, MCP Joint:  Swanson	http://orthopaediclist.com/images/uploaded/MCP, Swanson Silastic70585-opt.jpg
Implant322	Hand, MCP Joint:  Walker	http://orthopaediclist.com/images/uploaded/MCP, Walker I74578-opt.jpg
Implant323	Hand, MCP Joint:  Walker II	http://orthopaediclist.com/images/uploaded/MCP, Walker II32385-opt.jpg
Implant330	Hand, MCP Joint:  Zeigefinger-Grundgelenk	http://orthopaediclist.com/images/uploaded/MCP, Ziegefinger-Grudndgelenk94015-opt.jpg
Implant363	Hand, PIP Joint:  Mayo II	http://orthopaediclist.com/images/uploaded/PIP Mayo II73397-opt.jpg
Implant362	Hand, PIP Joint:  Mayo PIP	http://orthopaediclist.com/images/uploaded/PIP Mayo1796-opt.jpg
Implant365	Hand, PIP Joint:  Swiss	http://orthopaediclist.com/images/uploaded/PIP Swiss75976-opt.jpg
Implant366	Hand, PIP Joint:  Wright PIP	http://orthopaediclist.com/images/uploaded/PIP Wright58976-opt.jpg
Implant324	Hand, Thumb CMC Joint:  BLUC	http://orthopaediclist.com/images/uploaded/Thumb MCP, BLUC40791-opt.jpg
Implant325	Hand, Thumb CMC Joint:  Steffee	http://orthopaediclist.com/images/uploaded/Thumb MCP, Steffee40590-opt.jpg
Implant4240	Hip Prostheses:  Total, Primary:  Unidentified	http://orthopaediclist.com/images/uploaded/willie hip82827-opt.jpg
Implant4271	Hip Prostheses:  Total, Primary:  Unidentified	http://orthopaediclist.com/images/uploaded/thr35589-opt.jpg
Implant4286	Hip Prostheses:  Total, Primary:  Unidentified THA	http://orthopaediclist.com/images/uploaded/Unknown Hip Implant85130-opt.jpg
Implant427	Hip Prostheses:  Total, Revision, Biomet Reach	http://orthopaediclist.com/images/uploaded/stem.188206-opt.jpg
Implant204	Hip Prostheses:  Total, Revision, Biomet Triflange Cup	http://orthopaediclist.com/images/uploaded/Triflange_20505029-opt.jpg
Implant408	Hip Prostheses:  Total, Revision, Zimmer Bias Stem and HGP II Cup	http://orthopaediclist.com/images/uploaded/Bryan Bias THA circa 1984333-opt.jpg
Implant4246	Hip Prosthesis, Total, AP:  Unidentified	http://orthopaediclist.com/images/uploaded/Unknown implants25825-opt.jpg
Implant4284	Hip Prosthesis, Total, AP:  Unidentified	http://orthopaediclist.com/images/uploaded/STANB94314-opt.jpg
Implant4285	Hip Prosthesis, Total, AP:  Unidentified	http://orthopaediclist.com/images/uploaded/photo34677-opt.jpg
ImplantID 4282	Hip Prosthesis, Total, AP:  Unidentified  (Implant ID 4282)	http://orthopaediclist.com/images/uploaded/aw ap hip(1)7561-opt.jpg
Implant4176	Hip Prosthesis, Total, AP:  Unidentified	http://orthopaediclist.com/images/uploaded/11404-opt.jpg
Implant4260	Hip Prosthesis, Total, AP:  Unidentified	http://orthopaediclist.com/images/uploaded/Unnamed(1)68519-opt.jpg
Implant31	Howmedica	http://orthopaediclist.com/images/uploaded/Howmedica Cemented Accolade-opt.jpg
Implant24	Howmedica Cup & Accolade Stem	http://orthopaediclist.com/images/uploaded/Howmedica Ceramic Hip-opt.jpg
Implant642	Howmedica Duracon TS	http://orthopaediclist.com/images/uploaded/P130018846109-opt.jpg
Implant16	Howmedica Gamma Nail	http://orthopaediclist.com/images/uploaded/Gamma Nail-opt.jpg
Implant282	Howmedica Gamma Nail	http://orthopaediclist.com/images/uploaded/Original Gamma Nail73503-opt.jpg
Implant283	Howmedica Gamma Nail	http://orthopaediclist.com/images/uploaded/Trochanteric Gamma Nail29768-opt.jpg
Implant160	Howmedica Geometric	http://orthopaediclist.com/images/uploaded/OA 1162767-opt.jpg
Implant63	Howmedica HD2	http://orthopaediclist.com/images/uploaded/Sledge, Sara hip stem-opt.jpg
Implant14	Howmedica ODC Stem	http://orthopaediclist.com/images/uploaded/Howmedica ODC Femoral Stem(1)-opt.jpg
Implant59	Howmedica Recon Nail	http://orthopaediclist.com/images/uploaded/Reconstruction Nail-opt.jpg
Implant13	Howmedica SOLAR	http://orthopaediclist.com/images/uploaded/Howmedical hemi shoulder-opt.jpg
Implant155	Howmedica Waldius	http://orthopaediclist.com/images/uploaded/OA 973322-opt.jpg
Implant707	Humerus, Nail, AP:  Unidentified	http://orthopaediclist.com/images/uploaded/12950-opt.jpg
Implant843	Humerus, Proximal	http://orthopaediclist.com/images/uploaded/Digitalizar0001178288-opt.jpg
Implant259	Humerus, Proximal:  Enders Nail	http://orthopaediclist.com/images/uploaded/Enders AP 266635-opt.jpg
Implant17	Humerus, Proximal:  Smith & Nephew Evans Staple	http://orthopaediclist.com/images/uploaded/Evans Staple-opt.jpg
Implant217	Humerus, Proximal:  Synthes Cannulated Blade Plate	http://orthopaediclist.com/images/uploaded/03-19-2002 AP 11 wks post-op91584-opt.jpg
Implant218	Humerus, Proximal:  Synthes Cannulated Blade Plate	http://orthopaediclist.com/images/uploaded/03-19-2002 Lat 11 wks post-op43843-opt.jpg
Implant18	Humerus, Proximal:  Synthes Locking Humerus Plate	http://orthopaediclist.com/images/uploaded/Synthes Locking Humeral Plate-opt.jpg
Implant111	Humerus, Proximal:  Synthes Locking Prox Hum Plate	http://orthopaediclist.com/images/uploaded/Synthes locking proximal humeral plate-opt.jpg
Implant220	Humerus, Proximal:  Synthes PHN	http://orthopaediclist.com/images/uploaded/2003-01-14 AP 12 wks15323-opt.jpg
Implant83	Humerus, Proximal:  Synthes PHN	http://orthopaediclist.com/images/uploaded/Dirschl Humerus 20040303b-opt.jpg
Implant221	Humerus, Proximal:  Synthes PHN with spiral blade	http://orthopaediclist.com/images/uploaded/2002-12-04 Lat 6.1 wks39967-opt.jpg
Implant206	Humerus, Proximal:  Synthes Proximal Humeral Locking Plate	http://orthopaediclist.com/images/uploaded/2004-06-16 AP 16.1 wks75750-opt.jpg
Implant205	Humerus, Proximal:  Synthes Proximal Humerus Locking Plate	http://orthopaediclist.com/images/uploaded/2004-06-16 Lat 16.1 wks70162-opt.jpg
Implant254	Humerus, Proximal:  Synthes Ti T-Plate	http://orthopaediclist.com/images/uploaded/02-01-2002 AP Healed 6 wks99659-opt.jpg
Implant255	Humerus, Proximal:  Synthes Titanium T-Plate	http://orthopaediclist.com/images/uploaded/Culver,Prox Humerus Healed4556-opt.jpg
Implant82	Humerus, Shaft:  Acumed Polaris Plus Nail	http://orthopaediclist.com/images/uploaded/Dirschl Humerus 20040303a-opt.jpg
Implant289	Humerus, Shaft:  Smith & Nephew Humeral Nail	http://orthopaediclist.com/images/uploaded/08-21-2001 Lat  2 wks17802-opt.jpg
Implant266	Humerus, Shaft:  Synthes AO Ti Solid Humeral Rod	http://orthopaediclist.com/images/uploaded/AP Rod83357-opt.jpg
Implant69	Humerus, Shaft:  Synthes DCP Plate	http://orthopaediclist.com/images/uploaded/popahernandezperiprosthfx-opt.jpg
Implant219	Humerus, Shaft:  Synthes Flexnail	http://orthopaediclist.com/images/uploaded/Flexnail74276-opt.jpg
Implant258	Humerus, Shaft:  Synthes Flexnail	http://orthopaediclist.com/images/uploaded/AP 2 Flex-nail95695-opt.jpg
Implant228	Humerus, Shaft:  Synthes Humeral Rod	http://orthopaediclist.com/images/uploaded/2002-11-19 Lat Post Op67127-opt.jpg
Implant227	Humerus, Shaft:  Synthes Ti Solid Humeral Rod	http://orthopaediclist.com/images/uploaded/2002-11-19 AP Post Op39674-opt.jpg
Implant3217	Implantat-Technologie ITS	http://orthopaediclist.com/images/uploaded/sauve43658-opt.jpg
Implant798	Integra Panta Nail	http://orthopaediclist.com/images/uploaded/MILLIKEN JOANNE H lateral ankle60296-opt.jpg
Implant800	Integra Panta Nail	http://orthopaediclist.com/images/uploaded/62844-opt.jpg
Implant382	Intermedics	http://orthopaediclist.com/images/uploaded/Wilson THA Unknown 2005021831187-opt.jpg
Implant409	Intermedics Natural	http://orthopaediclist.com/images/uploaded/Coleman Intermedics Hip 199524539-opt.jpg
Implant4268	InterMedics Natural Knee II	http://orthopaediclist.com/images/uploaded/InterMedicsNaturalKneeII94604-opt.jpg
Implant23	Intermedics Titanium Plate	http://orthopaediclist.com/images/uploaded/Intermedics Femoral Plate-opt.jpg
Implant388	Interpore Synergy	http://orthopaediclist.com/images/uploaded/Synergy3818-opt.jpg
Implant240	J & J Modular Hemiarthroplasty	http://orthopaediclist.com/images/uploaded/AP post-op pp81561-opt.jpg
Implant4233	J & J PFC Sigma	http://orthopaediclist.com/images/uploaded/BH - AP(1)6902-opt.jpg
Implant4234	J & J PFC Sigma	http://orthopaediclist.com/images/uploaded/BH - lateral15472-opt.jpg
Implant612	J&J PFC or Osteonic Series 3000	http://orthopaediclist.com/images/uploaded/Photo_020207_00345190-opt.jpg
Implant611	J&J PFC or Osteonics 3000	http://orthopaediclist.com/images/uploaded/Photo_020207_00243670-opt.jpg
Implant1005	Knee Prostheses:  Bicompartmental:  Smit & Nephew Deuce	http://orthopaediclist.com/images/uploaded/Deuce at 154deg 1 yr5722-opt.jpg
Implant804	Knee Prostheses:  Bicompartmental:  Smith & Nephew Deuce	http://orthopaediclist.com/images/uploaded/Deuce AP View x-ray75680-opt.jpg
Implant805	Knee Prostheses:  Bicompartmental:  Smith & Nephew Deuce	http://orthopaediclist.com/images/uploaded/Deuce Lat View x-ray84396-opt.jpg
Implant167	Knee Prostheses:  Patellofemoral:  Centerpulse PFJ	http://orthopaediclist.com/images/uploaded/post op lateral PFJ replacement52662-opt.jpg
Implant4235	Knee Prostheses:  Patellofemoral:  MAKO	http://orthopaediclist.com/images/uploaded/PF AP(1)88636-opt.jpg
Implant4236	Knee Prostheses:  Patellofemoral:  MAKO	http://orthopaediclist.com/images/uploaded/PF Lat6491-opt.jpg
Implant25	Knee Prostheses:  Unicompartmental / Interpositional:  DePuy UKA	http://orthopaediclist.com/images/uploaded/Uni xray lateral-opt.jpg
Implant26	Knee Prostheses:  Unicompartmental / Interpositional:  DePuy UKA	http://orthopaediclist.com/images/uploaded/Uni xray ap-opt.jpg
Implant12	Knee Prostheses:  Unicompartmental / Interpositional:  Howmedica EIUS	http://orthopaediclist.com/images/uploaded/EIUS Osteonics Uni Knee-opt.jpg
Implant157	Knee Prostheses:  Unicompartmental / Interpositional:  Howmedica Polycentric	http://orthopaediclist.com/images/uploaded/Eva Mallard16435-opt.jpg
Implant158	Knee Prostheses:  Unicompartmental / Interpositional:  Howmedica Polycentric	http://orthopaediclist.com/images/uploaded/Eva Mallard-489825-opt.jpg
Implant21	Knee Prostheses:  Unicompartmental / Interpositional:  Intermedics	http://orthopaediclist.com/images/uploaded/Intermedics Uni Knee-opt.jpg
Impant618	Knee Prostheses:  Unicompartmental / Interpositional:  Orthoglide (Impant 618)	http://orthopaediclist.com/images/uploaded/OrthoGlide Lat 2007021974267-opt.jpg
Implant617	Knee Prostheses:  Unicompartmental / Interpositional:  Orthoglide	http://orthopaediclist.com/images/uploaded/OrthoGlide AP 200702193500-opt.jpg
Implant4243	Knee Prostheses:  Unicompartmental / Interpositional:  Stryker Triathlon	http://orthopaediclist.com/images/uploaded/UKA-AP30604-opt.jpg
Implant4244	Knee Prostheses:  Unicompartmental / Interpositional:  Stryker Triathlon	http://orthopaediclist.com/images/uploaded/UKA-Lat36423-opt.jpg
Implant140105	Knee Prostheses: Total, Primary:  Maxx Freedom	http://orthopaediclist.com/mm5/graphics/00000001/Maxx TKA AP Keegen MD 20140105.png
Implant4248	Knee Prosthesis, Total:  Unidentified	http://orthopaediclist.com/images/uploaded/IMG0000095696-opt.jpg
Implant162	Knee Prosthesis, Total:  Unidentified	http://orthopaediclist.com/images/uploaded/OA 1066722-opt.jpg
Implant4214	Knee Prosthesis, Total:  Unidentified	http://orthopaediclist.com/images/uploaded/uniknee69903-opt.jpg
Implant4245	Knee Prosthesis, Total:  Unidentified	http://orthopaediclist.com/images/uploaded/IMG0000085644-opt.jpg
Implant151	Kudo Total Elbow Prosthesis	http://orthopaediclist.com/images/uploaded/kudo66879-opt.jpg
Implant223	L.I.S.S.	http://orthopaediclist.com/images/uploaded/07-19-2002 AP 6 wks Post Op44824-opt.jpg
Implant1509111	Link Endo Rotational Knee	http://orthopaediclist.com/mm5/graphics/00000001/TKA AP 20150911.jpg
Implant1509112	Link Endo Rotational Knee	http://orthopaediclist.com/mm5/graphics/00000001/TKA Lat 20150911.jpg
Implant279	Locking Calcaneal Plate	http://orthopaediclist.com/images/uploaded/07-08-02 Axial Heel 6 months post-op55691-opt.jpg
Implant183	Locking Supracondylar Plate	http://orthopaediclist.com/images/uploaded/Synthes Locking Supracondylar Plate for fx 2004073940-opt.jpg
Implant184	Locking Supracondylar Plate	http://orthopaediclist.com/images/uploaded/Synthes Locking Supracondylar Plate peripros fx 20040728342-opt.jpg
Implant4212	LPS	http://orthopaediclist.com/images/uploaded/IMG_016851547-opt.jpg
Implant4033	McKee-Farrar MOM	http://orthopaediclist.com/images/uploaded/McKee-Farrar cropped from Sarmiento 2008041635045-opt.jpg
Implant613	Medartis Quadrilateral Plate	http://orthopaediclist.com/images/uploaded/miniplatemedartismetacarpalosteomy61845-opt.jpg
Implant199	Medtronic LT Cages	http://orthopaediclist.com/images/uploaded/csp89822-opt.jpg
Implant243	Mini-Condylar Blade Plate	http://orthopaediclist.com/images/uploaded/AP ORIF 2 wks4370-opt.jpg
Implant4031	Morscher Isoelastic Cup	http://orthopaediclist.com/images/uploaded/Isoelastic68412-opt.jpg
Implant429	Most® Total Femoral Replacement	http://orthopaediclist.com/images/uploaded/JC femur5881-opt.jpg
Implant389	Orthosphere Tarso-Metatarsal Implants	http://orthopaediclist.com/images/uploaded/Orthospheres, oblique view48968-opt.jpg
Implant15	Osteonics Omega Hip Screw	http://orthopaediclist.com/images/uploaded/Omega Plus Hip Screw-opt.jpg
Implant410	Osteonics Omniflex & PSL	http://orthopaediclist.com/images/uploaded/XRAYS 00256376-opt.jpg
Implant411	Osteonics Omniflex & PSL Cup	http://orthopaediclist.com/images/uploaded/XRAYS 00124733-opt.jpg
Implant140708	Osteonics Secure-Fit HA	http://orthopaediclist.com/mm5/graphics/00000001/Osteonics HA THA Cooper 20140708.jpg
Implant292	Pelvis:  Synthes Recon Plate	http://orthopaediclist.com/images/uploaded/Iliac Plate35203-opt.jpg
Implant4231	Pinnacle Cup with LPS Total Femur	http://orthopaediclist.com/images/uploaded/TF152435-opt.jpg
Implant4232	Pinnacle Cup with LPS Total Femur	http://orthopaediclist.com/images/uploaded/TF3(1)26579-opt.jpg
Implant4256	PLUS Bipolar	http://orthopaediclist.com/images/uploaded/Plus Bi polar53154-opt.jpg
Implant70	Radius & Ulna, Shaft:  Hand Innovations DVR	http://orthopaediclist.com/images/uploaded/DSC03096-opt.jpg
Implant620	Radius & Ulna, Shaft:  Rayhack	http://orthopaediclist.com/images/uploaded/Rayhack Volar Locking Ulnar Shortening45868-opt.jpg
Implant621	Radius & Ulna, Shaft:  Rayhack	http://orthopaediclist.com/images/uploaded/Rayhack Volar Locking Ulnar Shortening implant72827-opt.jpg
Implant263	Radius & Ulna, Shaft:  Synthes DCP	http://orthopaediclist.com/images/uploaded/2004-03-02 AP 5.5 wks24969-opt.jpg
Implant264	Radius & Ulna, Shaft:  Synthes DCP	http://orthopaediclist.com/images/uploaded/2004-03-02 Lat 5.5 wks98919-opt.jpg
Implant261	Radius & Ulna, Shaft:  Synthes LCP	http://orthopaediclist.com/images/uploaded/2003-10-01 AP (Close-Up) 6.6 wks Post-Op35286-opt.jpg
Implant262	Radius & Ulna, Shaft:  Synthes LCP	http://orthopaediclist.com/images/uploaded/2003-10-01 Lat (Close-Up) 6.6 wks Post-Op87995-opt.jpg
Implant344	Radius, Distal:  Hand Innovations DVR Plate	http://orthopaediclist.com/images/uploaded/DVRA AP Orbay46798-opt.jpg
Implant66	Radius, Distal:  Hand Innovations DVR Plate	http://orthopaediclist.com/images/uploaded/ashligonzpostopdistrad-opt.jpg
Implant343	Radius, Distal:  Hand Innovations DVR-Anatomic	http://orthopaediclist.com/images/uploaded/DVRA Lateral Orbay50930-opt.jpg
Implant4239	Radius, Distal:  Medartis Osteotomy Plate	http://orthopaediclist.com/images/uploaded/DSC0281495748-opt.jpg
Implant424	Radius, Distal:  Medartis Volar Plate	http://orthopaediclist.com/images/uploaded/DSC0144369464-opt.jpg
Implant425	Radius, Distal:  Medartis Volar Plate	http://orthopaediclist.com/images/uploaded/DSC01444641-opt.jpg
Implant676	Radius, Distal:  Orthofix Contour VPS	http://orthopaediclist.com/images/uploaded/vpsplatepafluoroview55917-opt.jpg
Implant293	Radius, Distal:  Synthes Angular T-Plate	http://orthopaediclist.com/images/uploaded/AP and Lat Wrist24895-opt.jpg
Implant4265	Radius, Distal:  Synthes Distal Radius Plate	http://orthopaediclist.com/images/uploaded/xRAYS lat(1)52139-opt.jpg
Implant4266	Radius, Distal:  Synthes Distal Radius Plate	http://orthopaediclist.com/images/uploaded/Xrays ap14014-opt.jpg
Implant178	Radius, Distal:  Synthes Locking Plates	http://orthopaediclist.com/images/uploaded/Synthes Locking Plates radius 20040748129-opt.jpg
Implant245	Radius, Distal:  Synthes Pi Plate	http://orthopaediclist.com/images/uploaded/Dorsal Plate Example24928-opt.jpg
Implant4267	Radius, Distal:  Synthes TriMed	http://orthopaediclist.com/images/uploaded/Xrays oblique49786-opt.jpg
Implant246	Radius, Distal:  Synthes Volar Locking Plate	http://orthopaediclist.com/images/uploaded/2003-12-28 AP 4.1 wks3720-opt.jpg
Implant27	Radius, Distal:  Synthes Volar Plate	http://orthopaediclist.com/images/uploaded/Synthes Volar Distal Radius-opt.jpg
Implant2062	Radius, Distal:  Tornier CoverLoc	http://orthopaediclist.com/images/uploaded/12.7.200750366-opt.jpg
Implant260	Recon Plate	http://orthopaediclist.com/images/uploaded/AP ORIF re-do8882-opt.jpg
Implant420	Retrograde Femoral Nail	http://orthopaediclist.com/images/uploaded/AP femur orthopaediclist170959-opt.jpg
Implant233	Retrograde Femoral Rod	http://orthopaediclist.com/images/uploaded/04-05-2001 AP 8 wks60366-opt.jpg
Implant234	Retrograde Femoral Rod	http://orthopaediclist.com/images/uploaded/04-05-2001 Lat 8 wks50958-opt.jpg
Implant419	Retrograde Nail	http://orthopaediclist.com/images/uploaded/AP femur orthopaediclist64952-opt.jpg
Implant421	Retrograde Nail	http://orthopaediclist.com/images/uploaded/lateral femur orthopaediclist000168737-opt.jpg
Implant422	Retrograde Nail	http://orthopaediclist.com/images/uploaded/lateral femur orthopaediclist00028376-opt.jpg
Implant432	Richards Cobra	http://orthopaediclist.com/images/uploaded/Richards Cobra Fx Stem Hemiarthroplasty96230-opt.jpg
Implant159	Richards Marmour	http://orthopaediclist.com/images/uploaded/Marmour49373-opt.jpg
Implant3788	Ring THA	http://orthopaediclist.com/images/uploaded/Ring Prosthesis from Sarmiento 2008040479086-opt.jpg
Implant107	Schneider Nail	http://orthopaediclist.com/images/uploaded/Preddy femoral rod AP-opt.jpg
Implant270	Schneider Rod	http://orthopaediclist.com/images/uploaded/Schneider Rod43676-opt.jpg
Implant371	Shoulder, Total, Reverse:  Fenlin	http://orthopaediclist.com/images/uploaded/TSA Fenlin22813-opt.jpg
Implant373	Shoulder, Total, Reverse:  Kessel	http://orthopaediclist.com/images/uploaded/TSA Kessel59315-opt.jpg
Implant368	Shoulder, Total:  Bechtol	http://orthopaediclist.com/images/uploaded/TSA Bechtol95496-opt.jpg
Implant369	Shoulder, Total:  Bickel	http://orthopaediclist.com/images/uploaded/TSA Bickel66921-opt.jpg
Implant370	Shoulder, Total:  Bucholz-Zippel	http://orthopaediclist.com/images/uploaded/TSA Bucholz-Zippel20982-opt.jpg
Implant372	Shoulder, Total:  Gristina Trispherical	http://orthopaediclist.com/images/uploaded/TSA Gristina Trispherical82531-opt.jpg
Implant374	Shoulder, Total:  Macnab-English	http://orthopaediclist.com/images/uploaded/TSA MacNab88058-opt.jpg
Implant378	Shoulder, Total:  Mathys	http://orthopaediclist.com/images/uploaded/TSA Robert Mathys82858-opt.jpg
Implant375	Shoulder, Total:  Michael Reese	http://orthopaediclist.com/images/uploaded/TSA Michael Reese1531-opt.jpg
Implant376	Shoulder, Total:  Modell-St. George	http://orthopaediclist.com/images/uploaded/TSA Modell St69305-opt.jpg
Implant381	Shoulder, Total:  Neer Glenoid	http://orthopaediclist.com/images/uploaded/TSA Neer Glenoid5870-opt.jpg
Implant377	Shoulder, Total:  Neer II	http://orthopaediclist.com/images/uploaded/TSA Neer II67262-opt.jpg
Implant379	Shoulder, Total:  Stanmore	http://orthopaediclist.com/images/uploaded/TSA Stanmore40562-opt.jpg
Implant380	Shoulder, Total:  Zimmer Custom	http://orthopaediclist.com/images/uploaded/TSA Zimmer Custom70791-opt.jpg
Implant407	Smith & Nephew Conquest	http://orthopaediclist.com/images/uploaded/Williams Conquest unipolar 2005102462422-opt.jpg
Implant3	Smith & Nephew Echelon	http://orthopaediclist.com/images/uploaded/PetrisFemoral-opt.jpg
Implant10	Smith & Nephew Genesis II	http://orthopaediclist.com/images/uploaded/Genesis II-opt.jpg
Implant11	Smith & Nephew Genesis II	http://orthopaediclist.com/images/uploaded/Genesis II Knee Lateral-opt.jpg
Implant225	Smith & Nephew IMHS	http://orthopaediclist.com/images/uploaded/11-09-2001 AP 12 wks PO86120-opt.jpg
Implant226	Smith & Nephew IMHS	http://orthopaediclist.com/images/uploaded/11-09-2001 Lat 12 wks PO67141-opt.jpg
Implant4203	Smith & Nephew InterTAN Nail	http://orthopaediclist.com/images/uploaded/AP Itan78831-opt.jpg
Implant4206	Smith & Nephew InterTan Nail	http://orthopaediclist.com/images/uploaded/Lat FemNeck5455-opt.jpg
Implant4223	Smith & Nephew Journey	http://orthopaediclist.com/images/uploaded/evb_HUNDLEY,JAMES DKNEE, SUNRISE  LOW-EXM1256049664000_1_1(2)98093-opt.jpg
Implant609	Smith & Nephew Journey	http://orthopaediclist.com/images/uploaded/Journey AP View 2007011838960-opt.jpg
Implant610	Smith & Nephew Journey	http://orthopaediclist.com/images/uploaded/Journey Flex Lat 2007011828238-opt.jpg
Implant4224	Smith & Nephew Journey Bi-Cruciate	http://orthopaediclist.com/images/uploaded/evb_HUNDLEY,JAMES DKNEE, SUNRISE  LOW-EXM1256049664000_2_122337-opt.jpg
Implant4225	Smith & Nephew Journey Bi-Cruciate	http://orthopaediclist.com/images/uploaded/evb_HUNDLEY,JAMES DKNEE, SUNRISE  LOW-EXM1256049664000_3_145575-opt.jpg
Implant4200	Smith & Nephew Legion	http://orthopaediclist.com/images/uploaded/AP SN74606-opt.jpg
Implant4201	Smith & Nephew Legion	http://orthopaediclist.com/images/uploaded/Lat SN61341-opt.jpg
Implant400	Smith & Nephew Optifix & Modular Stem	http://orthopaediclist.com/images/uploaded/KE-199979147-opt.jpg
Implant4279	Smith & Nephew Profix	http://orthopaediclist.com/images/uploaded/profil lateral2406-opt.jpg
Implant4281	Smith & Nephew Profix	http://orthopaediclist.com/images/uploaded/Profix35031-opt.jpg
Implant2	Smith & Nephew Reflection Cup & Spectron Stem	http://orthopaediclist.com/images/uploaded/Hip_SmithNeph-opt.jpg
Implant71	Smith & Nephew SP-3 Cup	http://orthopaediclist.com/images/uploaded/AP Edited-opt.jpg
Implant110	Smith & Nephew SP3 Cup & Synergy Stem	http://orthopaediclist.com/images/uploaded/Fisher 20040304-opt.jpg
Implant187	Smith & Nephew Trigen Nail	http://orthopaediclist.com/images/uploaded/Smith and Nephew Short Trochanteric Nail 2004071581876-opt.jpg
Implant4207	Smith & Nephew Trigen Nail	http://orthopaediclist.com/images/uploaded/DSC0224684876-opt.jpg
Implant397	Smith-Petersen Nail & McLaughlin Side Plate	http://orthopaediclist.com/images/uploaded/Smith-Petersen Nail with McLaughlin Side Plate Disassembled15770-opt.jpg
Implant399	Smith-Petersen Nail & Side Plate	http://orthopaediclist.com/images/uploaded/Smith-Petersen Nail and Side Plate Dissembled91445-opt.jpg
Implant398	Smith-Petersen Nail and Side Plate	http://orthopaediclist.com/images/uploaded/Smith-Petersen Nail and Side Plate Intact4363-opt.jpg
Implant396	Smith-Petersen Nail, McLaughlin Side Plate	http://orthopaediclist.com/images/uploaded/Smith-Petersen Nail with McLaughlin Side Plate Intact82247-opt.jpg
Implant52	Sofamor-Danek	http://orthopaediclist.com/images/uploaded/IMG_0072-opt.jpg
Implant86	Solar Total Elbow Prosthesis	http://orthopaediclist.com/images/uploaded/Acclaim TEA  xray 2-opt.jpg
Implant87	Solar Total Elbow Prosthesis	http://orthopaediclist.com/images/uploaded/Acclaim TEA xray ap-opt.jpg
Implant95	Souter-Strathclyde Total Elbow Prosthesis	http://orthopaediclist.com/images/uploaded/GSB  7 year xray-opt.jpg
Implant197	Spine, Cervical:  Medtronic Atlantis	http://orthopaediclist.com/images/uploaded/cspine35632-opt.jpg
Implant198	Spine, Cervical:  Medtronic Vertex	http://orthopaediclist.com/images/uploaded/csp31106-opt.jpg
Implant41	Spine, Cervical:  Synthes CSLP	http://orthopaediclist.com/images/uploaded/synthesCplate-opt.jpg
Implant394	Spine, Cervical:  Synthes Syncage and ACS Plate	http://orthopaediclist.com/images/uploaded/IMG_130912874-opt.jpg
Implant395	Spine, Cervical:  Synthes Syncage and ACS Plate	http://orthopaediclist.com/images/uploaded/IMG_131035066-opt.jpg
Implant200	Spine, Thoracic:  Danek Pyramesh & Antares	http://orthopaediclist.com/images/uploaded/csp65971-opt.jpg
Implant51	Spine-Tech and Sofamor-Danek	http://orthopaediclist.com/images/uploaded/IMG_0045-opt.jpg
Implant43	Spine-Tech BAK Cage	http://orthopaediclist.com/images/uploaded/DCP00129-opt.jpg
Implant46	Spine-Tech BAK Cage	http://orthopaediclist.com/images/uploaded/DCP00161-opt.jpg
Implant390	Spine: Lumbar, Artificial Discs:  DePuy Charite	http://orthopaediclist.com/images/uploaded/IMG_134085317-opt.jpg
Implant386	Spine: Lumbar, Artificial Discs:  Synthes ProDisc	http://orthopaediclist.com/images/uploaded/ProDisc12335-opt.jpg
Implant391	Spine:Lumbar, Artificial Discs:  DePuy Charite	http://orthopaediclist.com/images/uploaded/IMG_134261862-opt.jpg
Implant44	SpineTech BAK	http://orthopaediclist.com/images/uploaded/DCP00154-opt.jpg
Implant256	Stainless LCP	http://orthopaediclist.com/images/uploaded/2004-09-14 AP90606-opt.jpg
Implant257	Stainless LCP	http://orthopaediclist.com/images/uploaded/2004-09-20 Lat 4.3 wks41736-opt.jpg
Implant53	Steffe VSP	http://orthopaediclist.com/images/uploaded/Image8-opt.jpg
Implant414	Stryker Accolade Stem	http://orthopaediclist.com/images/uploaded/components 00150723-opt.jpg
Implant415	Stryker Accolade Stem	http://orthopaediclist.com/images/uploaded/components 00235580-opt.jpg
Implant643	Stryker Duracon	http://orthopaediclist.com/images/uploaded/P130018614519-opt.jpg
Implant634	Stryker Precontoured Tibial Plate	http://orthopaediclist.com/images/uploaded/Fig11.20047-opt.jpg
Implant412	Stryker Scorpio	http://orthopaediclist.com/images/uploaded/XRAYS 0057658-opt.jpg
Implant413	Stryker Scorpio	http://orthopaediclist.com/images/uploaded/XRAYS 00679105-opt.jpg
Implant20	Stryker Scorpio TS	http://orthopaediclist.com/images/uploaded/Scorpio TS revision TKA-opt.jpg
Implant299	Suture Anchors:  Opus Magnum	http://orthopaediclist.com/images/uploaded/Neukranz Opus Magnum Anchor 200412034714-opt.jpg
Implant80	Synthes Antegrade Nail	http://orthopaediclist.com/images/uploaded/Dirschl Femur 20040303c-opt.jpg
Implant81	Synthes Antegrade Nail	http://orthopaediclist.com/images/uploaded/Dirschl Femur 20040303d-opt.jpg
Implant278	Synthes Calcaneal Plate	http://orthopaediclist.com/images/uploaded/07-08-02 Lat Heel 6 months post-op50409-opt.jpg
Implant236	Synthes Calcaneous Plate	http://orthopaediclist.com/images/uploaded/Calcaneus,Lat,ORIF33018-opt.jpg
Implant241	Synthes Cannulated Screws	http://orthopaediclist.com/images/uploaded/03-06-01 AP 7 wks healed66819-opt.jpg
Implant297	Synthes Cannulated Screws	http://orthopaediclist.com/images/uploaded/AP and Lat82740-opt.jpg
Implant296	Synthes Cortical Screws	http://orthopaediclist.com/images/uploaded/Oblique ORIF pp78912-opt.jpg
Implant222	Synthes DCS	http://orthopaediclist.com/images/uploaded/05-10-2001 AP 13 wks72874-opt.jpg
Implant60	Synthes DHS	http://orthopaediclist.com/images/uploaded/Gore Synthes Dynamic Hip Compression Plate-opt.jpg
Implant224	Synthes L.I.S.S. Fixateur	http://orthopaediclist.com/images/uploaded/07-19-2002 Lat 6 wks Post Op19397-opt.jpg
Implant423	Synthes LCP	http://orthopaediclist.com/images/uploaded/dhhs000151590-opt.jpg
Implant179	Synthes Locking Plate	http://orthopaediclist.com/images/uploaded/Synthes Locking Plate ankle 20040718378-opt.jpg
Implant295	Synthes Malleolar Screws	http://orthopaediclist.com/images/uploaded/Screw Oblique view pp69212-opt.jpg
Implant269	Synthes Nail	http://orthopaediclist.com/images/uploaded/02-16-2001 AP Healed 262866-opt.jpg
Implant286	Synthes PFN	http://orthopaediclist.com/images/uploaded/AP PFN1311-opt.jpg
Implant287	Synthes PFN	http://orthopaediclist.com/images/uploaded/Lat PFN58151-opt.jpg
Implant290	Synthes Screws	http://orthopaediclist.com/images/uploaded/2003-03-10 Mortise 6 wks73644-opt.jpg
Implant291	Synthes Screws	http://orthopaediclist.com/images/uploaded/2003-03-10 Lat 6 wks99435-opt.jpg
Implant392	Synthes Syncage	http://orthopaediclist.com/images/uploaded/IMG_133864294-opt.jpg
Implant393	Synthes Syncage	http://orthopaediclist.com/images/uploaded/IMG_133977911-opt.jpg
Implant211	Synthes TFN	http://orthopaediclist.com/images/uploaded/2004-10-13 AP L Hip 32 wks13536-opt.jpg
Implant214	Synthes TFN	http://orthopaediclist.com/images/uploaded/2004-03-22 Lat L Hip 6.1 wks Post-Op42965-opt.jpg
Implant284	Synthes Titanium Plate	http://orthopaediclist.com/images/uploaded/2002-11-20 Lat 4 wks76524-opt.jpg
Implant387	Synthes TPLIF	http://orthopaediclist.com/images/uploaded/IMG_117644952-opt.jpg
Implant209	Synthes TSP	http://orthopaediclist.com/images/uploaded/TSP in Model AP 218704-opt.jpg
Implant210	Synthes TSP	http://orthopaediclist.com/images/uploaded/TSP in Model Lat 211441-opt.jpg
Implant67	Synthes Tubular Plate	http://orthopaediclist.com/images/uploaded/Synthes Locking Fibula Plate-opt.jpg
Implant281	T-Plate	http://orthopaediclist.com/images/uploaded/PA05028925999-opt.jpg
Implant238	Thompson	http://orthopaediclist.com/images/uploaded/05-31-2001 AP 6 wks57414-opt.jpg
Implant239	Thompson	http://orthopaediclist.com/images/uploaded/05-31-2001 Lat 6 wks89448-opt.jpg
Implant426	Tibia, Proximal:  B. Braun Blade Plate	http://orthopaediclist.com/images/uploaded/P301000986926-opt.jpg
Implant156	Tibia, Proximal:  Howmedica Coventry HTO Staple	http://orthopaediclist.com/images/uploaded/QAX 592977-opt.jpg
Implant72	Tibia, Proximal:  Howmedica FirstStep	http://orthopaediclist.com/images/uploaded/DSCN0031-opt.jpg
Implant73	Tibia, Proximal:  Howmedica FirstStep	http://orthopaediclist.com/images/uploaded/DSCN0030-opt.jpg
Implant639	Tibia, Proximal:  Precontoured Prox Tib Plate	http://orthopaediclist.com/images/uploaded/8039133_2217669_2_311054130-opt.jpg
Implant638	Tibia, Proximal:  Precontoured Tibial Plateau Plate	http://orthopaediclist.com/images/uploaded/Figure714766-opt.jpg
Implant189	Tibia, Proximal:  Synthes Buttress Plate	http://orthopaediclist.com/images/uploaded/Hinson, Lee 2004072852375-opt.jpg
Implant163	Tibia, Proximal:  Synthes L. Plate	http://orthopaediclist.com/images/uploaded/OA x-rays 265905-opt.jpg
Implant22	Tibia, Proximal:  Synthes Locking Tibial Plate	http://orthopaediclist.com/images/uploaded/Synthes Locking Plateau plate-opt.jpg
Implant247	Tibia, Proximal:  Synthes Prox Tib Plate	http://orthopaediclist.com/images/uploaded/2002-10-09 AP 12 days56082-opt.jpg
Implant248	Tibia, Proximal:  Synthes Prox Tib Plate	http://orthopaediclist.com/images/uploaded/2002-11-06 Lat 6 wks34276-opt.jpg
Implant190	Tibia, Shaft:  Smith & Nephew Ilizarov	http://orthopaediclist.com/images/uploaded/Sefton ex fix 2004072822410-opt.jpg
Implant4252	Tibia, Shaft:  Synthes	http://orthopaediclist.com/images/uploaded/xray L19147-opt.jpg
Implant276	Tibia, Shaft:  Synthes AO Ex Fix	http://orthopaediclist.com/images/uploaded/slide10.99543-opt.jpg
Implant277	Tibia, Shaft:  Synthes AO Pinless Ex Fix	http://orthopaediclist.com/images/uploaded/slide1427557-opt.jpg
Implant294	Tibia, Shaft:  Synthes DCP	http://orthopaediclist.com/images/uploaded/AP and LAt Tibia Plate56477-opt.jpg
Implant231	Tibia, Shaft:  Synthes Distal Tibial Plate	http://orthopaediclist.com/images/uploaded/09-21-2002 AP Post-Op80653-opt.jpg
Implant232	Tibia, Shaft:  Synthes Distal Tibial Plate	http://orthopaediclist.com/images/uploaded/09-21-2002 Lat Post-Op85737-opt.jpg
Implant274	Tibia, Shaft:  Synthes Distal Tibial Plate	http://orthopaediclist.com/images/uploaded/2004-03-31 AP 7.4 weeks11690-opt.jpg
Implant275	Tibia, Shaft:  Synthes Distal Tibial Plate	http://orthopaediclist.com/images/uploaded/2004-01-01 Lat Post-Op 2  DOS76392-opt.jpg
Implant249	Tibia, Shaft:  Synthes L.I.S.S.	http://orthopaediclist.com/images/uploaded/2004-02-06 AP Long 47.5 wks53929-opt.jpg
Implant4251	Tibia, Shaft:  Synthes Nail	http://orthopaediclist.com/images/uploaded/xray26516-opt.jpg
Implant229	Tibia, Shaft:  Synthes Ti Nail	http://orthopaediclist.com/images/uploaded/AP 12 wks healed pp88210-opt.jpg
Implant251	Tibia, Shaft:  Synthes Tibial L.I.S.S.	http://orthopaediclist.com/images/uploaded/08-07-2002 Lat 5.4 wks Post-Op68215-opt.jpg
Implant230	Tibia, Shaft:  Synthes Titanium Nail	http://orthopaediclist.com/images/uploaded/Lat 12 wks healed pp50442-opt.jpg
Implant235	Tibia, Shaft:  Synthes Universal Tibial Nail	http://orthopaediclist.com/images/uploaded/SS Tibia Rod with Callus5074-opt.jpg
Implant61	Tibia, Shaft:  Zimmer ZMS	http://orthopaediclist.com/images/uploaded/PC060001-opt.jpg
Implant405	Tibial Plate, AP:  Unidentified	http://orthopaediclist.com/images/uploaded/Abspoel tibia, AP 200510196111-opt.jpg
Implant404	Tibial Plate, Lat.:  Unidentified	http://orthopaediclist.com/images/uploaded/Abspoel tibia 20051019a7463-opt.jpg
Implant207	Titanium Elastic Nail	http://orthopaediclist.com/images/uploaded/2003-09-15 AP 1.5 wks Post-op96696-opt.jpg
Implant208	Titanium Elastic Nail	http://orthopaediclist.com/images/uploaded/2003-09-15 Lat 1.5 wks Post-op90565-opt.jpg
Implant193	Tornier Hemiarthroplasty Shoulder Prosthesis	http://orthopaediclist.com/images/uploaded/DSC0302430481-opt.jpg
Implant615	Tornier Reverse TSA	http://orthopaediclist.com/images/uploaded/tornierxrayreverse prosthesis11148-opt.jpg
Implant624	TranS1 AxiaLIF	http://orthopaediclist.com/images/uploaded/AxiaLIF Immediate Post-Op131720-opt.jpg
Implant625	TranS1 AxiaLIF	http://orthopaediclist.com/images/uploaded/AxiaLIF Immediate Post-Op291621-opt.jpg
Implant627	TranS1 AxiaLIF	http://orthopaediclist.com/images/uploaded/6-mos. AxiaLIF Post-Op22162-opt.jpg
Implant79	Trigen Knee Nail	http://orthopaediclist.com/images/uploaded/Dirschl Femur 20040303b-opt.jpg
Implant85	Trigen Knee Nail	http://orthopaediclist.com/images/uploaded/Dirschl Femur 20040303a-opt.jpg
Implant188	Trigen Supracondylar Nail	http://orthopaediclist.com/images/uploaded/Smith and Nephew 13 mm Trigen Supracondylar Nail 20040723083-opt.jpg
Implant180801	Unidentified Tibial Nail	http://orthopaediclist.com/mm5/graphics/00000001/TibialNailMaimin20180801.jpg
Implant4257	United Ortho U2	http://orthopaediclist.com/images/uploaded/Ortho Alliance A:P43130-opt.jpg
Implant4258	United Ortho U2	http://orthopaediclist.com/images/uploaded/Ortho Alliance Lat.25874-opt.jpg
Implant175	Webb Bolt	http://orthopaediclist.com/images/uploaded/Marr Ankle Unknown 200304158160-opt.jpg
Implant4274	Wright Medical Axiom	http://orthopaediclist.com/images/uploaded/ap(1)424-opt.jpg
Implant4275	Wright Medical Axiom	http://orthopaediclist.com/images/uploaded/lat67120-opt.jpg
Implant106	Wright Medical Sorbie Total Elbow Prosthesis	http://orthopaediclist.com/images/uploaded/Sorbie AP X-ray-opt.jpg
Implant194	Wrist Prostheses:  KMI	http://orthopaediclist.com/images/uploaded/DSC0366128982-opt.jpg
Implant195	Wrist Prostheses:  KMI	http://orthopaediclist.com/images/uploaded/revisedtotalwristfluoro43821-opt.jpg
Implant614	Wrist Prostheses:  SBI	http://orthopaediclist.com/images/uploaded/sbitotalwristlaurent7529-opt.jpg
Implant177	Wrist Screws & Plates:  Acumed Cannulated Screw	http://orthopaediclist.com/images/uploaded/DSC0367077389-opt.jpg
Implant191	Wrist Screws & Plates:  AO Cannulated Screw	http://orthopaediclist.com/images/uploaded/bricenopofluoroap24863-opt.jpg
Implant280	Wrist Screws & Plates:  Herbert Bone Screw	http://orthopaediclist.com/images/uploaded/AO Acute52977-opt.jpg
Implant1029	Wrist Screws & Plates:  Herbert Screw	http://orthopaediclist.com/images/uploaded/141530653973-opt.jpg
Implant4238	Wrist Screws & Plates:  Reverto Memory Staple™	http://orthopaediclist.com/images/uploaded/DSC02805(1)58027-opt.jpg
Implant677	Wrist Screws & Plates:  SBI Diamond Plate	http://orthopaediclist.com/images/uploaded/Badia Diamond Plate29452-opt.jpg
Implant308	Wrist, Total:  Hamas Pre-Centered	http://orthopaediclist.com/images/uploaded/Hamas Pre-Centered Total Wrist, Zimmer16576-opt.jpg
Implant306	Wrist, Total:  Kuhlman	http://orthopaediclist.com/images/uploaded/Kulhman Total Wrist, France21348-opt.jpg
Implant309	Wrist, Total:  Loda	http://orthopaediclist.com/images/uploaded/Loda Total Wrist, Developmental, DePuy51471-opt.jpg
Implant303	Wrist, Total:  Mayo Weber	http://orthopaediclist.com/images/uploaded/Mayo Weber Total Wrist, Developmental, DePuy26578-opt.jpg
Implant300	Wrist, Total:  Meuli	http://orthopaediclist.com/images/uploaded/Meuli Total Wrist, Protek ~ 197297481-opt.jpg
Implant301	Wrist, Total:  Meuli II	http://orthopaediclist.com/images/uploaded/Meuli II Total Wrist, Protek99036-opt.jpg
Implant302	Wrist, Total:  Meuli III	http://orthopaediclist.com/images/uploaded/Meuli III Total Wrist, Protek17152-opt.jpg
Implant307	Wrist, Total:  Name Unknown	http://orthopaediclist.com/images/uploaded/French Wrist28375-opt.jpg
Implant304	Wrist, Total:  Taliesnik	http://orthopaediclist.com/images/uploaded/Taliesnik Total Wrist39670-opt.jpg
Implant305	Wrist, Total:  Volz	http://orthopaediclist.com/images/uploaded/Volz Wrist, Howmedica 1970's59999-opt.jpg
Implant401	Zimmer	http://orthopaediclist.com/images/uploaded/TM patella98722-opt.jpg
Implant4259	Zimmer Anatomic Stem with HG 2 Shell	http://orthopaediclist.com/images/uploaded/AP(1)54470-opt.jpg
Implant19	Zimmer Anatomical Shoulder Prosthesis	http://orthopaediclist.com/images/uploaded/Tornier Total Shoulder-opt.jpg
Implant384	Zimmer Dynesys	http://orthopaediclist.com/images/uploaded/DynesysXray1813-opt.jpg
Implant428	Zimmer EPOCH	http://orthopaediclist.com/images/uploaded/100_058190717-opt.jpg
Implant402	Zimmer Giliberty Bipolar	http://orthopaediclist.com/images/uploaded/Hardison Giliberty AP68962-opt.jpg
Implant4215	Zimmer Harris Stem & HGII Cup	http://orthopaediclist.com/images/uploaded/Harris Precoat Cemented(1)3298-opt.jpg
Implant416	Zimmer HG Stem & HG II Cup	http://orthopaediclist.com/images/uploaded/components 00459011-opt.jpg
Implant417	Zimmer HG Stem & HG iI Cup	http://orthopaediclist.com/images/uploaded/components 00588647-opt.jpg
Implant3995	Zimmer HG Total Hip Prosthesis	http://orthopaediclist.com/images/uploaded/Original Harris Galante from Sarmiento 2008041419160-opt.jpg
Implant152	Zimmer Mayo	http://orthopaediclist.com/images/uploaded/mayo THA27527-opt.jpg
Implant802	Zimmer MG II	http://orthopaediclist.com/images/uploaded/WEST, Junior AP knee10524-opt.jpg
Implant803	Zimmer MG II	http://orthopaediclist.com/images/uploaded/WEST, Junior lateral MG II knee63021-opt.jpg
Implant4247	Zimmer MG II Total Knee Prosthesis	http://orthopaediclist.com/images/uploaded/IMG00000ap(1)4646-opt.jpg
Implant2700	Zimmer ML Stem w MOM Cup	http://orthopaediclist.com/images/uploaded/mltaper mom281696-opt.jpg
Implant431	Zimmer Monoblock Tibia, Zimaloy Femur	http://orthopaediclist.com/images/uploaded/CR Porous. TM Tibia51666-opt.jpg
Implant4283	Zimmer Multilock Stem & HG II Cup	http://orthopaediclist.com/images/uploaded/3807_22613_20111017151900.0(1)43149-opt.jpg
Implant809	Zimmer Natural	http://orthopaediclist.com/images/uploaded/!cid__08280714078214-opt.jpg
Implant810	Zimmer Natural	http://orthopaediclist.com/images/uploaded/!cid__0828071408a30322-opt.jpg
Implant4262	Zimmer NCB Periarticular Proximal Femoral Plate	http://orthopaediclist.com/images/uploaded/New Picture (4)26654-opt.jpg
Implant2699	Zimmer Nexgen	http://orthopaediclist.com/images/uploaded/MISTIBIA143440-opt.jpg
Implant637	Zimmer Plates	http://orthopaediclist.com/images/uploaded/bowers 4moAP_148822-opt.jpg
Implant4261	Zimmer Retrograde Nail	http://orthopaediclist.com/images/uploaded/New Picture (5)29330-opt.jpg
Implant3826	Zimmer STH-1	http://orthopaediclist.com/images/uploaded/APP0001 from Sarmiento uploaded 2008041095789-opt.jpg
Implant3993	Zimmer STH-2	http://orthopaediclist.com/images/uploaded/STH-1 from Sarmiento 2008041411026-opt.jpg
Implant176	Zimmer VerSys System	http://orthopaediclist.com/images/uploaded/McNair33977-opt.jpg
Implant4032	Zivash MOM	http://orthopaediclist.com/images/uploaded/Zivash from Sarmiento 2008041621605-opt.jpg
